Tamanho N,Iteracoes,Tempo de servico
8,18,0.79953
9,5,0.071179
50,7,2.536643
4,6,0.023837
15,42,0.35027
4,4,0.006952
24,25,0.424098
8,11,0.047342
8,4,0.106935
8,2,0.04337
8,6,0.050323
8,2,0.036418
50,16,1.429221
50,8,0.881634
50,15,1.041209
50,5,0.748213
50,4,0.717093
50,8,0.771388
50,7,1.018697
50,5,0.800854
