Tamanho N,Iteracoes,Tempo de servico
8,3,0.094512
8,9,0.377191
8,2,0.086814
8,17,0.959657
8,10,0.106058
8,5,0.268995
8,5,0.328867
8,9,0.392586
8,7,0.116322
8,8,0.117178
8,15,0.195011
8,22,0.307056
8,8,0.126158
8,9,0.078689
8,15,0.162936
8,3,0.083821
8,11,0.083392
8,2,0.028652
8,3,0.035495
8,8,0.426799
8,5,0.103492
8,2,0.026087
8,8,0.091518
50,14,5.194718
4,2,0.03464
4,2,0.011547
20,8,0.26985
8,11,0.072701
8,1,0.026087
8,5,0.038061
8,13,0.059871
8,5,0.029508
